,AT,EX_INDAT_read,DUVOL,NCSKEW
AT,1.0,0.09338577530954474,0.08964820326996385,0.07867357805282672
EX_INDAT_read,0.09338577530954474,1.0,-0.009783039821736951,-0.04413028920459584
DUVOL,0.08964820326996385,-0.009783039821736951,1.0,0.893580105004765
NCSKEW,0.07867357805282672,-0.04413028920459584,0.893580105004765,1.0
