,AT,EX_INDAT,DUVOL,NCSKEW
AT,1.0,0.11623426702520444,0.0889616307512656,0.07612448528913204
EX_INDAT,0.11623426702520444,1.0,0.001845215472909362,-0.038129019197793296
DUVOL,0.0889616307512656,0.001845215472909362,1.0,0.8936678413634164
NCSKEW,0.07612448528913204,-0.038129019197793296,0.8936678413634164,1.0
