,AT,EX_INDAT,DUVOL,NCSKEW
AT,1.0,0.054373120407729854,0.08631147595330464,0.06444832414266895
EX_INDAT,0.054373120407729854,1.0,-0.01365353877180703,-0.056280342285303674
DUVOL,0.08631147595330464,-0.01365353877180703,1.0,0.8938837858121056
NCSKEW,0.06444832414266895,-0.056280342285303674,0.8938837858121056,1.0
