,AT,EX_INDAT,DUVOL,NCSKEW
AT,1.0,0.06209125339737214,0.08964820326996385,0.07867357805282672
EX_INDAT,0.06209125339737214,1.0,-0.026759227335440762,-0.06472872912170088
DUVOL,0.08964820326996385,-0.026759227335440762,1.0,0.893580105004765
NCSKEW,0.07867357805282672,-0.06472872912170088,0.893580105004765,1.0
