,AT,EX_INDAT_read,DUVOL,NCSKEW
AT,1.0,0.06867921303543566,0.0889616307512656,0.07612448528913204
EX_INDAT_read,0.06867921303543566,1.0,-0.017062647426357026,-0.05412946307342284
DUVOL,0.0889616307512656,-0.017062647426357026,1.0,0.8936678413634164
NCSKEW,0.07612448528913204,-0.05412946307342284,0.8936678413634164,1.0
