,AT,EX_INDAT,DUVOL,NCSKEW
AT,1.0,0.053087881646647336,0.09041737081049306,0.08122675962697906
EX_INDAT,0.053087881646647336,1.0,-0.025919714657708558,-0.05390634161697358
DUVOL,0.09041737081049306,-0.025919714657708558,1.0,0.8937308707110428
NCSKEW,0.08122675962697906,-0.05390634161697358,0.8937308707110428,1.0
