,AT,EX_INDAT_read,DUVOL,NCSKEW
AT,1.0,0.08667353438946458,0.0889616307512656,0.07612448528913204
EX_INDAT_read,0.08667353438946458,1.0,-0.01070641012885696,-0.04458235708686523
DUVOL,0.0889616307512656,-0.01070641012885696,1.0,0.8936678413634164
NCSKEW,0.07612448528913204,-0.04458235708686523,0.8936678413634164,1.0
