,AT,EX_INDAT_read,DUVOL,NCSKEW
AT,1.0,0.04153477565343213,0.08631147595330464,0.06444832414266895
EX_INDAT_read,0.04153477565343213,1.0,-0.022108198330018716,-0.06411953894772308
DUVOL,0.08631147595330464,-0.022108198330018716,1.0,0.8938837858121056
NCSKEW,0.06444832414266895,-0.06411953894772308,0.8938837858121056,1.0
