,AT,EX_INDAT,DUVOL,NCSKEW
AT,1.0,0.1091871892312585,0.09041737081049306,0.08122675962697906
EX_INDAT,0.1091871892312585,1.0,-0.002259722218037816,-0.037394431044384516
DUVOL,0.09041737081049306,-0.002259722218037816,1.0,0.8937308707110428
NCSKEW,0.08122675962697906,-0.037394431044384516,0.8937308707110428,1.0
