,AT,EX_INDAT,DUVOL,NCSKEW
AT,1.0,0.013824150941619704,0.08631147595330464,0.06444832414266895
EX_INDAT,0.013824150941619704,1.0,-0.03586681783612144,-0.07670083784006869
DUVOL,0.08631147595330464,-0.03586681783612144,1.0,0.8938837858121056
NCSKEW,0.06444832414266895,-0.07670083784006869,0.8938837858121056,1.0
