,AT,EX_INDAT,DUVOL,NCSKEW
AT,1.0,0.09175561129915216,0.08876026354900476,0.07273083167663313
EX_INDAT,0.09175561129915216,1.0,-0.012046273670251073,-0.052638809335760414
DUVOL,0.08876026354900476,-0.012046273670251073,1.0,0.8935575015169195
NCSKEW,0.07273083167663313,-0.052638809335760414,0.8935575015169195,1.0
