,AT,EX_INDAT_read,DUVOL,NCSKEW
AT,1.0,0.07692060067441739,0.08876026354900476,0.07273083167663313
EX_INDAT_read,0.07692060067441739,1.0,-0.018026251091947575,-0.05787820783074389
DUVOL,0.08876026354900476,-0.018026251091947575,1.0,0.8935575015169195
NCSKEW,0.07273083167663313,-0.05787820783074389,0.8935575015169195,1.0
