,AT,EX_INDAT_read,DUVOL,NCSKEW
AT,1.0,0.030389146605286327,0.08631147595330464,0.06444832414266895
EX_INDAT_read,0.030389146605286327,1.0,-0.02981585323643092,-0.07399159152589362
DUVOL,0.08631147595330464,-0.02981585323643092,1.0,0.8938837858121056
NCSKEW,0.06444832414266895,-0.07399159152589362,0.8938837858121056,1.0
