,AT,EX_INDAT,DUVOL,NCSKEW
AT,1.0,0.03118428570225102,0.08876026354900476,0.07273083167663313
EX_INDAT,0.03118428570225102,1.0,-0.0439162293003092,-0.08266479602997885
DUVOL,0.08876026354900476,-0.0439162293003092,1.0,0.8935575015169195
NCSKEW,0.07273083167663313,-0.08266479602997885,0.8935575015169195,1.0
